date,ticker,open,high,low,close,volume
2025-02-21,AAPL,150.00,152.26,149.25,151.50,1001000
2025-02-22,AAPL,151.50,152.26,149.99,150.74,1002000
2025-02-23,AAPL,150.74,152.56,149.99,151.80,1003000
2025-02-24,AAPL,151.80,153.02,151.04,152.26,1004000
2025-02-25,AAPL,152.26,153.02,151.20,151.96,1005000
2025-02-26,AAPL,151.96,154.25,151.20,153.48,1006000
2025-02-27,AAPL,153.48,154.25,151.95,152.71,1007000
2025-02-28,AAPL,152.71,154.55,151.95,153.78,1008000
2025-03-01,AAPL,153.78,155.01,153.01,154.24,1009000
2025-03-02,AAPL,154.24,155.01,153.16,153.93,1010000
2025-03-03,AAPL,153.93,156.25,153.16,155.47,1011000
2025-03-04,AAPL,155.47,156.25,153.92,154.69,1012000
2025-03-05,AAPL,154.69,156.55,153.92,155.77,1013000
2025-03-06,AAPL,155.77,157.02,154.99,156.24,1014000
2025-03-07,AAPL,156.24,157.02,155.15,155.93,1015000
2025-03-08,AAPL,155.93,158.28,155.15,157.49,1016000
2025-03-09,AAPL,157.49,158.28,155.92,156.70,1017000
2025-03-10,AAPL,156.70,158.59,155.92,157.80,1018000
2025-03-11,AAPL,157.80,159.06,157.01,158.27,1019000
2025-03-12,AAPL,158.27,159.06,157.16,157.95,1020000
2025-03-13,AAPL,157.95,160.33,157.16,159.53,1021000
2025-03-14,AAPL,159.53,160.33,157.94,158.73,1022000
2025-03-15,AAPL,158.73,160.64,157.94,159.84,1023000
2025-03-16,AAPL,159.84,161.12,159.04,160.32,1024000
2025-03-17,AAPL,160.32,161.12,159.20,160.00,1025000
2025-03-18,AAPL,160.00,162.41,159.20,161.60,1026000
2025-03-19,AAPL,161.60,162.41,159.99,160.79,1027000
2025-03-20,AAPL,160.79,162.73,159.99,161.92,1028000
2025-03-21,AAPL,161.92,163.22,161.11,162.41,1029000
2025-02-21,MSFT,280.00,284.21,278.60,282.80,1002000
2025-02-22,MSFT,282.80,284.21,279.98,281.39,1004000
2025-02-23,MSFT,281.39,284.78,279.98,283.36,1006000
2025-02-24,MSFT,283.36,285.63,281.94,284.21,1008000
2025-02-25,MSFT,284.21,285.63,282.22,283.64,1010000
2025-02-26,MSFT,283.64,287.91,282.22,286.48,1012000
2025-02-27,MSFT,286.48,287.91,283.62,285.05,1014000
2025-02-28,MSFT,285.05,288.49,283.62,287.05,1016000
2025-03-01,MSFT,287.05,289.35,285.61,287.91,1018000
2025-03-02,MSFT,287.91,289.35,285.89,287.33,1020000
2025-03-03,MSFT,287.33,291.65,285.89,290.20,1022000
2025-03-04,MSFT,290.20,291.65,287.31,288.75,1024000
2025-03-05,MSFT,288.75,292.22,287.31,290.77,1026000
2025-03-06,MSFT,290.77,293.10,289.32,291.64,1028000
2025-03-07,MSFT,291.64,293.10,289.60,291.06,1030000
2025-03-08,MSFT,291.06,295.44,289.60,293.97,1032000
2025-03-09,MSFT,293.97,295.44,291.04,292.50,1034000
2025-03-10,MSFT,292.50,296.02,291.04,294.55,1036000
2025-03-11,MSFT,294.55,296.91,293.08,295.43,1038000
2025-03-12,MSFT,295.43,296.91,293.37,294.84,1040000
2025-03-13,MSFT,294.84,299.28,293.37,297.79,1042000
2025-03-14,MSFT,297.79,299.28,294.82,296.30,1044000
2025-03-15,MSFT,296.30,299.86,294.82,298.37,1046000
2025-03-16,MSFT,298.37,300.77,296.88,299.27,1048000
2025-03-17,MSFT,299.27,300.77,297.18,298.67,1050000
2025-03-18,MSFT,298.67,303.17,297.18,301.66,1052000
2025-03-19,MSFT,301.66,303.17,298.65,300.15,1054000
2025-03-20,MSFT,300.15,303.76,298.65,302.25,1056000
2025-03-21,MSFT,302.25,304.68,300.74,303.16,1058000
2025-02-21,AMZN,3300.00,3349.66,3283.50,3333.00,1003000
2025-02-22,AMZN,3333.00,3349.66,3299.76,3316.34,1006000
2025-02-23,AMZN,3316.34,3356.25,3299.76,3339.55,1009000
2025-02-24,AMZN,3339.55,3366.32,3322.85,3349.57,1012000
2025-02-25,AMZN,3349.57,3366.32,3326.16,3342.87,1015000
2025-02-26,AMZN,3342.87,3393.18,3326.16,3376.30,1018000
2025-02-27,AMZN,3376.30,3393.18,3342.62,3359.42,1021000
2025-02-28,AMZN,3359.42,3399.85,3342.62,3382.94,1024000
2025-03-01,AMZN,3382.94,3410.06,3366.03,3393.09,1027000
2025-03-02,AMZN,3393.09,3410.06,3369.37,3386.30,1030000
2025-03-03,AMZN,3386.30,3437.26,3369.37,3420.16,1033000
2025-03-04,AMZN,3420.16,3437.26,3386.04,3403.06,1036000
2025-03-05,AMZN,3403.06,3444.01,3386.04,3426.88,1039000
2025-03-06,AMZN,3426.88,3454.35,3409.75,3437.16,1042000
2025-03-07,AMZN,3437.16,3454.35,3413.14,3430.29,1045000
2025-03-08,AMZN,3430.29,3481.91,3413.14,3464.59,1048000
2025-03-09,AMZN,3464.59,3481.91,3430.03,3447.27,1051000
2025-03-10,AMZN,3447.27,3488.76,3430.03,3471.40,1054000
2025-03-11,AMZN,3471.40,3499.22,3454.04,3481.81,1057000
2025-03-12,AMZN,3481.81,3499.22,3457.48,3474.85,1060000
2025-03-13,AMZN,3474.85,3527.15,3457.48,3509.60,1063000
2025-03-14,AMZN,3509.60,3527.15,3474.59,3492.05,1066000
2025-03-15,AMZN,3492.05,3534.07,3474.59,3516.49,1069000
2025-03-16,AMZN,3516.49,3544.68,3498.91,3527.04,1072000
2025-03-17,AMZN,3527.04,3544.68,3502.39,3519.99,1075000
2025-03-18,AMZN,3519.99,3572.97,3502.39,3555.19,1078000
2025-03-19,AMZN,3555.19,3572.97,3519.72,3537.41,1081000
2025-03-20,AMZN,3537.41,3579.98,3519.72,3562.17,1084000
2025-03-21,AMZN,3562.17,3590.72,3544.36,3572.86,1087000
2025-02-21,GOOGL,2700.00,2740.63,2686.50,2727.00,1004000
2025-02-22,GOOGL,2727.00,2740.63,2699.79,2713.36,1008000
2025-02-23,GOOGL,2713.36,2746.01,2699.79,2732.35,1012000
2025-02-24,GOOGL,2732.35,2754.25,2718.69,2740.55,1016000
2025-02-25,GOOGL,2740.55,2754.25,2721.39,2735.07,1020000
2025-02-26,GOOGL,2735.07,2776.23,2721.39,2762.42,1024000
2025-02-27,GOOGL,2762.42,2776.23,2734.87,2748.61,1028000
2025-02-28,GOOGL,2748.61,2781.69,2734.87,2767.85,1032000
2025-03-01,GOOGL,2767.85,2790.03,2754.01,2776.15,1036000
2025-03-02,GOOGL,2776.15,2790.03,2756.75,2770.60,1040000
2025-03-03,GOOGL,2770.60,2812.30,2756.75,2798.31,1044000
2025-03-04,GOOGL,2798.31,2812.30,2770.40,2784.32,1048000
2025-03-05,GOOGL,2784.32,2817.83,2770.40,2803.81,1052000
2025-03-06,GOOGL,2803.81,2826.28,2789.79,2812.22,1056000
2025-03-07,GOOGL,2812.22,2826.28,2792.57,2806.60,1060000
2025-03-08,GOOGL,2806.60,2848.84,2792.57,2834.67,1064000
2025-03-09,GOOGL,2834.67,2848.84,2806.40,2820.50,1068000
2025-03-10,GOOGL,2820.50,2854.44,2806.40,2840.24,1072000
2025-03-11,GOOGL,2840.24,2863.00,2826.04,2848.76,1076000
2025-03-12,GOOGL,2848.76,2863.00,2828.84,2843.06,1080000
2025-03-13,GOOGL,2843.06,2885.85,2828.84,2871.49,1084000
2025-03-14,GOOGL,2871.49,2885.85,2842.84,2857.13,1088000
2025-03-15,GOOGL,2857.13,2891.52,2842.84,2877.13,1092000
2025-03-16,GOOGL,2877.13,2900.19,2862.74,2885.76,1096000
2025-03-17,GOOGL,2885.76,2900.19,2865.59,2879.99,1100000
2025-03-18,GOOGL,2879.99,2923.33,2865.59,2908.79,1104000
2025-03-19,GOOGL,2908.79,2923.33,2879.78,2894.25,1108000
2025-03-20,GOOGL,2894.25,2929.08,2879.78,2914.51,1112000
2025-03-21,GOOGL,2914.51,2937.87,2899.94,2923.25,1116000
2025-02-21,FB,350.00,355.27,348.25,353.50,1005000
2025-02-22,FB,353.50,355.27,349.97,351.73,1010000
2025-02-23,FB,351.73,355.96,349.97,354.19,1015000
2025-02-24,FB,354.19,357.03,352.42,355.25,1020000
2025-02-25,FB,355.25,357.03,352.77,354.54,1025000
2025-02-26,FB,354.54,359.88,352.77,358.09,1030000
2025-02-27,FB,358.09,359.88,354.52,356.30,1035000
2025-02-28,FB,356.30,360.58,354.52,358.79,1040000
2025-03-01,FB,358.79,361.67,357.00,359.87,1045000
2025-03-02,FB,359.87,361.67,357.35,359.15,1050000
2025-03-03,FB,359.15,364.55,357.35,362.74,1055000
2025-03-04,FB,362.74,364.55,359.13,360.93,1060000
2025-03-05,FB,360.93,365.28,359.13,363.46,1065000
2025-03-06,FB,363.46,366.37,361.64,364.55,1070000
2025-03-07,FB,364.55,366.37,362.00,363.82,1075000
2025-03-08,FB,363.82,369.30,362.00,367.46,1080000
2025-03-09,FB,367.46,369.30,363.79,365.62,1085000
2025-03-10,FB,365.62,370.02,363.79,368.18,1090000
2025-03-11,FB,368.18,371.13,366.34,369.28,1095000
2025-03-12,FB,369.28,371.13,366.70,368.54,1100000
2025-03-13,FB,368.54,374.09,366.70,372.23,1105000
2025-03-14,FB,372.23,374.09,368.52,370.37,1110000
2025-03-15,FB,370.37,374.82,368.52,372.96,1115000
2025-03-16,FB,372.96,375.95,371.10,374.08,1120000
2025-03-17,FB,374.08,375.95,371.46,373.33,1125000
2025-03-18,FB,373.33,378.95,371.46,377.06,1130000
2025-03-19,FB,377.06,378.95,373.29,375.17,1135000
2025-03-20,FB,375.17,379.69,373.29,377.80,1140000
2025-03-21,FB,377.80,380.82,375.91,378.93,1145000
2025-02-21,TSLA,800.00,812.04,796.00,808.00,1006000
2025-02-22,TSLA,808.00,812.04,799.94,803.96,1012000
2025-02-23,TSLA,803.96,813.64,799.94,809.59,1018000
2025-02-24,TSLA,809.59,816.08,805.54,812.02,1024000
2025-02-25,TSLA,812.02,816.08,806.35,810.40,1030000
2025-02-26,TSLA,810.40,822.59,806.35,818.50,1036000
2025-02-27,TSLA,818.50,822.59,810.34,814.41,1042000
2025-02-28,TSLA,814.41,824.21,810.34,820.11,1048000
2025-03-01,TSLA,820.11,826.68,816.01,822.57,1054000
2025-03-02,TSLA,822.57,826.68,816.82,820.92,1060000
2025-03-03,TSLA,820.92,833.28,816.82,829.13,1066000
2025-03-04,TSLA,829.13,833.28,820.86,824.98,1072000
2025-03-05,TSLA,824.98,834.90,820.86,830.75,1078000
2025-03-06,TSLA,830.75,837.41,826.60,833.24,1084000
2025-03-07,TSLA,833.24,837.41,827.41,831.57,1090000
2025-03-08,TSLA,831.57,844.09,827.41,839.89,1096000
2025-03-09,TSLA,839.89,844.09,831.51,835.69,1102000
2025-03-10,TSLA,835.69,845.75,831.51,841.54,1108000
2025-03-11,TSLA,841.54,848.28,837.33,844.06,1114000
2025-03-12,TSLA,844.06,848.28,838.16,842.37,1120000
2025-03-13,TSLA,842.37,855.04,838.16,850.79,1126000
2025-03-14,TSLA,850.79,855.04,842.31,846.54,1132000
2025-03-15,TSLA,846.54,856.73,842.31,852.47,1138000
2025-03-16,TSLA,852.47,859.31,848.21,855.03,1144000
2025-03-17,TSLA,855.03,859.31,849.05,853.32,1150000
2025-03-18,TSLA,853.32,866.16,849.05,861.85,1156000
2025-03-19,TSLA,861.85,866.16,853.25,857.54,1162000
2025-03-20,TSLA,857.54,867.86,853.25,863.54,1168000
2025-03-21,TSLA,863.54,870.46,859.22,866.13,1174000
2025-02-21,BRK.B,300.00,304.51,298.50,303.00,1007000
2025-02-22,BRK.B,303.00,304.51,299.98,301.49,1014000
2025-02-23,BRK.B,301.49,305.12,299.98,303.60,1021000
2025-02-24,BRK.B,303.60,306.03,302.08,304.51,1028000
2025-02-25,BRK.B,304.51,306.03,302.38,303.90,1035000
2025-02-26,BRK.B,303.90,308.47,302.38,306.94,1042000
2025-02-27,BRK.B,306.94,308.47,303.88,305.41,1049000
2025-02-28,BRK.B,305.41,309.09,303.88,307.55,1056000
2025-03-01,BRK.B,307.55,310.01,306.01,308.47,1063000
2025-03-02,BRK.B,308.47,310.01,306.31,307.85,1070000
2025-03-03,BRK.B,307.85,312.48,306.31,310.93,1077000
2025-03-04,BRK.B,310.93,312.48,307.83,309.38,1084000
2025-03-05,BRK.B,309.38,313.11,307.83,311.55,1091000
2025-03-06,BRK.B,311.55,314.04,309.99,312.48,1098000
2025-03-07,BRK.B,312.48,314.04,310.30,311.86,1105000
2025-03-08,BRK.B,311.86,316.55,310.30,314.98,1112000
2025-03-09,BRK.B,314.98,316.55,311.84,313.41,1119000
2025-03-10,BRK.B,313.41,317.18,311.84,315.60,1126000
2025-03-11,BRK.B,315.60,318.13,314.02,316.55,1133000
2025-03-12,BRK.B,316.55,318.13,314.34,315.92,1140000
2025-03-13,BRK.B,315.92,320.68,314.34,319.08,1147000
2025-03-14,BRK.B,319.08,320.68,315.89,317.48,1154000
2025-03-15,BRK.B,317.48,321.30,315.89,319.70,1161000
2025-03-16,BRK.B,319.70,322.26,318.10,320.66,1168000
2025-03-17,BRK.B,320.66,322.26,318.42,320.02,1175000
2025-03-18,BRK.B,320.02,324.84,318.42,323.22,1182000
2025-03-19,BRK.B,323.22,324.84,319.99,321.60,1189000
2025-03-20,BRK.B,321.60,325.47,319.99,323.85,1196000
2025-03-21,BRK.B,323.85,326.44,322.23,324.82,1203000
2025-02-21,NVDA,200.00,203.01,199.00,202.00,1008000
2025-02-22,NVDA,202.00,203.01,199.99,200.99,1016000
2025-02-23,NVDA,200.99,203.41,199.99,202.40,1024000
2025-02-24,NVDA,202.40,204.03,201.39,203.01,1032000
2025-02-25,NVDA,203.01,204.03,201.59,202.60,1040000
2025-02-26,NVDA,202.60,205.65,201.59,204.63,1048000
2025-02-27,NVDA,204.63,205.65,202.59,203.61,1056000
2025-02-28,NVDA,203.61,206.07,202.59,205.04,1064000
2025-03-01,NVDA,205.04,206.69,204.01,205.66,1072000
2025-03-02,NVDA,205.66,206.69,204.22,205.25,1080000
2025-03-03,NVDA,205.25,208.34,204.22,207.30,1088000
2025-03-04,NVDA,207.30,208.34,205.23,206.26,1096000
2025-03-05,NVDA,206.26,208.74,205.23,207.70,1104000
2025-03-06,NVDA,207.70,209.36,206.66,208.32,1112000
2025-03-07,NVDA,208.32,209.36,206.86,207.90,1120000
2025-03-08,NVDA,207.90,211.03,206.86,209.98,1128000
2025-03-09,NVDA,209.98,211.03,207.89,208.93,1136000
2025-03-10,NVDA,208.93,211.44,207.89,210.39,1144000
2025-03-11,NVDA,210.39,212.08,209.34,211.02,1152000
2025-03-12,NVDA,211.02,212.08,209.55,210.60,1160000
2025-03-13,NVDA,210.60,213.77,209.55,212.71,1168000
2025-03-14,NVDA,212.71,213.77,210.59,211.65,1176000
2025-03-15,NVDA,211.65,214.20,210.59,213.13,1184000
2025-03-16,NVDA,213.13,214.84,212.06,213.77,1192000
2025-03-17,NVDA,213.77,214.84,212.27,213.34,1200000
2025-03-18,NVDA,213.34,216.55,212.27,215.47,1208000
2025-03-19,NVDA,215.47,216.55,213.32,214.39,1216000
2025-03-20,NVDA,214.39,216.97,213.32,215.89,1224000
2025-03-21,NVDA,215.89,217.62,214.81,216.54,1232000
2025-02-21,JPM,160.00,162.41,159.20,161.60,1009000
2025-02-22,JPM,161.60,162.41,159.99,160.79,1018000
2025-02-23,JPM,160.79,162.73,159.99,161.92,1027000
2025-02-24,JPM,161.92,163.22,161.11,162.41,1036000
2025-02-25,JPM,162.41,163.22,161.28,162.09,1045000
2025-02-26,JPM,162.09,164.53,161.28,163.71,1054000
2025-02-27,JPM,163.71,164.53,162.08,162.89,1063000
2025-02-28,JPM,162.89,164.85,162.08,164.03,1072000
2025-03-01,JPM,164.03,165.34,163.21,164.52,1081000
2025-03-02,JPM,164.52,165.34,163.37,164.19,1090000
2025-03-03,JPM,164.19,166.66,163.37,165.83,1099000
2025-03-04,JPM,165.83,166.66,164.18,165.00,1108000
2025-03-05,JPM,165.00,166.98,164.18,166.15,1117000
2025-03-06,JPM,166.15,167.48,165.32,166.65,1126000
2025-03-07,JPM,166.65,167.48,165.49,166.32,1135000
2025-03-08,JPM,166.32,168.82,165.49,167.98,1144000
2025-03-09,JPM,167.98,168.82,166.30,167.14,1153000
2025-03-10,JPM,167.14,169.15,166.30,168.31,1162000
2025-03-11,JPM,168.31,169.65,167.47,168.81,1171000
2025-03-12,JPM,168.81,169.65,167.63,168.47,1180000
2025-03-13,JPM,168.47,171.00,167.63,170.15,1189000
2025-03-14,JPM,170.15,171.00,168.45,169.30,1198000
2025-03-15,JPM,169.30,171.34,168.45,170.49,1207000
2025-03-16,JPM,170.49,171.85,169.64,171.00,1216000
2025-03-17,JPM,171.00,171.85,169.81,170.66,1225000
2025-03-18,JPM,170.66,173.23,169.81,172.37,1234000
2025-03-19,JPM,172.37,173.23,170.65,171.51,1243000
2025-03-20,JPM,171.51,173.57,170.65,172.71,1252000
2025-03-21,JPM,172.71,174.10,171.85,173.23,1261000
2025-02-21,JNJ,170.00,172.56,169.15,171.70,1010000
2025-02-22,JNJ,171.70,172.56,169.99,170.84,1020000
2025-02-23,JNJ,170.84,172.90,169.99,172.04,1030000
2025-02-24,JNJ,172.04,173.42,171.18,172.56,1040000
2025-02-25,JNJ,172.56,173.42,171.35,172.21,1050000
2025-02-26,JNJ,172.21,174.80,171.35,173.93,1060000
2025-02-27,JNJ,173.93,174.80,172.19,173.06,1070000
2025-02-28,JNJ,173.06,175.14,172.19,174.27,1080000
2025-03-01,JNJ,174.27,175.66,173.40,174.79,1090000
2025-03-02,JNJ,174.79,175.66,173.57,174.44,1100000
2025-03-03,JNJ,174.44,177.06,173.57,176.18,1110000
2025-03-04,JNJ,176.18,177.06,174.42,175.30,1120000
2025-03-05,JNJ,175.30,177.41,174.42,176.53,1130000
2025-03-06,JNJ,176.53,177.95,175.65,177.06,1140000
2025-03-07,JNJ,177.06,177.95,175.83,176.71,1150000
2025-03-08,JNJ,176.71,179.37,175.83,178.48,1160000
2025-03-09,JNJ,178.48,179.37,176.70,177.59,1170000
2025-03-10,JNJ,177.59,179.72,176.70,178.83,1180000
2025-03-11,JNJ,178.83,180.27,177.94,179.37,1190000
2025-03-12,JNJ,179.37,180.27,178.11,179.01,1200000
2025-03-13,JNJ,179.01,181.70,178.11,180.80,1210000
2025-03-14,JNJ,180.80,181.70,179.00,179.90,1220000
2025-03-15,JNJ,179.90,182.07,179.00,181.16,1230000
2025-03-16,JNJ,181.16,182.61,180.25,181.70,1240000
2025-03-17,JNJ,181.70,182.61,180.43,181.34,1250000
2025-03-18,JNJ,181.34,184.07,180.43,183.15,1260000
2025-03-19,JNJ,183.15,184.07,181.32,182.23,1270000
2025-03-20,JNJ,182.23,184.43,181.32,183.51,1280000
2025-03-21,JNJ,183.51,184.98,182.59,184.06,1290000
2025-02-21,UNH,450.00,456.77,447.75,454.50,1011000
2025-02-22,UNH,454.50,456.77,449.97,452.23,1022000
2025-02-23,UNH,452.23,457.68,449.97,455.40,1033000
2025-02-24,UNH,455.40,459.05,453.12,456.77,1044000
2025-02-25,UNH,456.77,459.05,453.58,455.86,1055000
2025-02-26,UNH,455.86,462.72,453.58,460.42,1066000
2025-02-27,UNH,460.42,462.72,455.83,458.12,1077000
2025-02-28,UNH,458.12,463.64,455.83,461.33,1088000
2025-03-01,UNH,461.33,465.02,459.02,462.71,1099000
2025-03-02,UNH,462.71,465.02,459.47,461.78,1110000
2025-03-03,UNH,461.78,468.73,459.47,466.40,1121000
2025-03-04,UNH,466.40,468.73,461.75,464.07,1132000
2025-03-05,UNH,464.07,469.66,461.75,467.32,1143000
2025-03-06,UNH,467.32,471.06,464.98,468.72,1154000
2025-03-07,UNH,468.72,471.06,465.44,467.78,1165000
2025-03-08,UNH,467.78,474.82,465.44,472.46,1176000
2025-03-09,UNH,472.46,474.82,467.75,470.10,1187000
2025-03-10,UNH,470.10,475.76,467.75,473.39,1198000
2025-03-11,UNH,473.39,477.18,471.02,474.81,1209000
2025-03-12,UNH,474.81,477.18,471.49,473.86,1220000
2025-03-13,UNH,473.86,480.99,471.49,478.60,1231000
2025-03-14,UNH,478.60,480.99,473.83,476.21,1242000
2025-03-15,UNH,476.21,481.94,473.83,479.54,1253000
2025-03-16,UNH,479.54,483.38,477.14,480.98,1264000
2025-03-17,UNH,480.98,483.38,477.62,480.02,1275000
2025-03-18,UNH,480.02,487.24,477.62,484.82,1286000
2025-03-19,UNH,484.82,487.24,479.99,482.40,1297000
2025-03-20,UNH,482.40,488.21,479.99,485.78,1308000
2025-03-21,UNH,485.78,489.68,483.35,487.24,1319000
2025-02-21,V,230.00,233.46,228.85,232.30,1012000
2025-02-22,V,232.30,233.46,229.98,231.14,1024000
2025-02-23,V,231.14,233.92,229.98,232.76,1036000
2025-02-24,V,232.76,234.63,231.60,233.46,1048000
2025-02-25,V,233.46,234.63,231.83,232.99,1060000
2025-02-26,V,232.99,236.50,231.83,235.32,1072000
2025-02-27,V,235.32,236.50,232.97,234.14,1084000
2025-02-28,V,234.14,236.96,232.97,235.78,1096000
2025-03-01,V,235.78,237.67,234.60,236.49,1108000
2025-03-02,V,236.49,237.67,234.84,236.02,1120000
2025-03-03,V,236.02,239.57,234.84,238.38,1132000
2025-03-04,V,238.38,239.57,236.00,237.19,1144000
2025-03-05,V,237.19,240.04,236.00,238.85,1156000
2025-03-06,V,238.85,240.77,237.66,239.57,1168000
2025-03-07,V,239.57,240.77,237.89,239.09,1180000
2025-03-08,V,239.09,242.69,237.89,241.48,1192000
2025-03-09,V,241.48,242.69,239.07,240.27,1204000
2025-03-10,V,240.27,243.16,239.07,241.95,1216000
2025-03-11,V,241.95,243.89,240.74,242.68,1228000
2025-03-12,V,242.68,243.89,240.98,242.19,1240000
2025-03-13,V,242.19,245.83,240.98,244.61,1252000
2025-03-14,V,244.61,245.83,242.17,243.39,1264000
2025-03-15,V,243.39,246.32,242.17,245.09,1276000
2025-03-16,V,245.09,247.06,243.86,245.83,1288000
2025-03-17,V,245.83,247.06,244.11,245.34,1300000
2025-03-18,V,245.34,249.03,244.11,247.79,1312000
2025-03-19,V,247.79,249.03,245.32,246.55,1324000
2025-03-20,V,246.55,249.52,245.32,248.28,1336000
2025-03-21,V,248.28,250.27,247.04,249.02,1348000
2025-02-21,PG,150.00,152.26,149.25,151.50,1013000
2025-02-22,PG,151.50,152.26,149.99,150.74,1026000
2025-02-23,PG,150.74,152.56,149.99,151.80,1039000
2025-02-24,PG,151.80,153.02,151.04,152.26,1052000
2025-02-25,PG,152.26,153.02,151.20,151.96,1065000
2025-02-26,PG,151.96,154.25,151.20,153.48,1078000
2025-02-27,PG,153.48,154.25,151.95,152.71,1091000
2025-02-28,PG,152.71,154.55,151.95,153.78,1104000
2025-03-01,PG,153.78,155.01,153.01,154.24,1117000
2025-03-02,PG,154.24,155.01,153.16,153.93,1130000
2025-03-03,PG,153.93,156.25,153.16,155.47,1143000
2025-03-04,PG,155.47,156.25,153.92,154.69,1156000
2025-03-05,PG,154.69,156.55,153.92,155.77,1169000
2025-03-06,PG,155.77,157.02,154.99,156.24,1182000
2025-03-07,PG,156.24,157.02,155.15,155.93,1195000
2025-03-08,PG,155.93,158.28,155.15,157.49,1208000
2025-03-09,PG,157.49,158.28,155.92,156.70,1221000
2025-03-10,PG,156.70,158.59,155.92,157.80,1234000
2025-03-11,PG,157.80,159.06,157.01,158.27,1247000
2025-03-12,PG,158.27,159.06,157.16,157.95,1260000
2025-03-13,PG,157.95,160.33,157.16,159.53,1273000
2025-03-14,PG,159.53,160.33,157.94,158.73,1286000
2025-03-15,PG,158.73,160.64,157.94,159.84,1299000
2025-03-16,PG,159.84,161.12,159.04,160.32,1312000
2025-03-17,PG,160.32,161.12,159.20,160.00,1325000
2025-03-18,PG,160.00,162.41,159.20,161.60,1338000
2025-03-19,PG,161.60,162.41,159.99,160.79,1351000
2025-03-20,PG,160.79,162.73,159.99,161.92,1364000
2025-03-21,PG,161.92,163.22,161.11,162.41,1377000
2025-02-21,MA,350.00,355.27,348.25,353.50,1014000
2025-02-22,MA,353.50,355.27,349.97,351.73,1028000
2025-02-23,MA,351.73,355.96,349.97,354.19,1042000
2025-02-24,MA,354.19,357.03,352.42,355.25,1056000
2025-02-25,MA,355.25,357.03,352.77,354.54,1070000
2025-02-26,MA,354.54,359.88,352.77,358.09,1084000
2025-02-27,MA,358.09,359.88,354.52,356.30,1098000
2025-02-28,MA,356.30,360.58,354.52,358.79,1112000
2025-03-01,MA,358.79,361.67,357.00,359.87,1126000
2025-03-02,MA,359.87,361.67,357.35,359.15,1140000
2025-03-03,MA,359.15,364.55,357.35,362.74,1154000
2025-03-04,MA,362.74,364.55,359.13,360.93,1168000
2025-03-05,MA,360.93,365.28,359.13,363.46,1182000
2025-03-06,MA,363.46,366.37,361.64,364.55,1196000
2025-03-07,MA,364.55,366.37,362.00,363.82,1210000
2025-03-08,MA,363.82,369.30,362.00,367.46,1224000
2025-03-09,MA,367.46,369.30,363.79,365.62,1238000
2025-03-10,MA,365.62,370.02,363.79,368.18,1252000
2025-03-11,MA,368.18,371.13,366.34,369.28,1266000
2025-03-12,MA,369.28,371.13,366.70,368.54,1280000
2025-03-13,MA,368.54,374.09,366.70,372.23,1294000
2025-03-14,MA,372.23,374.09,368.52,370.37,1308000
2025-03-15,MA,370.37,374.82,368.52,372.96,1322000
2025-03-16,MA,372.96,375.95,371.10,374.08,1336000
2025-03-17,MA,374.08,375.95,371.46,373.33,1350000
2025-03-18,MA,373.33,378.95,371.46,377.06,1364000
2025-03-19,MA,377.06,378.95,373.29,375.17,1378000
2025-03-20,MA,375.17,379.69,373.29,377.80,1392000
2025-03-21,MA,377.80,380.82,375.91,378.93,1406000
2025-02-21,HD,330.00,334.97,328.35,333.30,1015000
2025-02-22,HD,333.30,334.97,329.97,331.63,1030000
2025-02-23,HD,331.63,335.62,329.97,333.95,1045000
2025-02-24,HD,333.95,336.62,332.28,334.95,1060000
2025-02-25,HD,334.95,336.62,332.61,334.28,1075000
2025-02-26,HD,334.28,339.31,332.61,337.62,1090000
2025-02-27,HD,337.62,339.31,334.25,335.93,1105000
2025-02-28,HD,335.93,339.97,334.25,338.28,1120000
2025-03-01,HD,338.28,340.99,336.59,339.29,1135000
2025-03-02,HD,339.29,340.99,336.92,338.61,1150000
2025-03-03,HD,338.61,343.71,336.92,342.00,1165000
2025-03-04,HD,342.00,343.71,338.59,340.29,1180000
2025-03-05,HD,340.29,344.38,338.59,342.67,1195000
2025-03-06,HD,342.67,345.42,340.96,343.70,1210000
2025-03-07,HD,343.70,345.42,341.29,343.01,1225000
2025-03-08,HD,343.01,348.17,341.29,346.44,1240000
2025-03-09,HD,346.44,348.17,342.99,344.71,1255000
2025-03-10,HD,344.71,348.86,342.99,347.12,1270000
2025-03-11,HD,347.12,349.90,345.38,348.16,1285000
2025-03-12,HD,348.16,349.90,345.72,347.46,1300000
2025-03-13,HD,347.46,352.68,345.72,350.93,1315000
2025-03-14,HD,350.93,352.68,347.43,349.18,1330000
2025-03-15,HD,349.18,353.38,347.43,351.62,1345000
2025-03-16,HD,351.62,354.43,349.86,352.67,1360000
2025-03-17,HD,352.67,354.43,350.20,351.96,1375000
2025-03-18,HD,351.96,357.26,350.20,355.48,1390000
2025-03-19,HD,355.48,357.26,351.93,353.70,1405000
2025-03-20,HD,353.70,357.96,351.93,356.18,1420000
2025-03-21,HD,356.18,359.04,354.40,357.25,1435000
2025-02-21,DIS,180.00,182.71,179.10,181.80,1016000
2025-02-22,DIS,181.80,182.71,179.99,180.89,1032000
2025-02-23,DIS,180.89,183.07,179.99,182.16,1048000
2025-02-24,DIS,182.16,183.62,181.25,182.71,1064000
2025-02-25,DIS,182.71,183.62,181.43,182.34,1080000
2025-02-26,DIS,182.34,185.08,181.43,184.16,1096000
2025-02-27,DIS,184.16,185.08,182.32,183.24,1112000
2025-02-28,DIS,183.24,185.44,182.32,184.52,1128000
2025-03-01,DIS,184.52,186.00,183.60,185.07,1144000
2025-03-02,DIS,185.07,186.00,183.78,184.70,1160000
2025-03-03,DIS,184.70,187.48,183.78,186.55,1176000
2025-03-04,DIS,186.55,187.48,184.69,185.62,1192000
2025-03-05,DIS,185.62,187.85,184.69,186.92,1208000
2025-03-06,DIS,186.92,188.42,185.99,187.48,1224000
2025-03-07,DIS,187.48,188.42,186.17,187.11,1240000
2025-03-08,DIS,187.11,189.92,186.17,188.98,1256000
2025-03-09,DIS,188.98,189.92,187.10,188.04,1272000
2025-03-10,DIS,188.04,190.31,187.10,189.36,1288000
2025-03-11,DIS,189.36,190.88,188.41,189.93,1304000
2025-03-12,DIS,189.93,190.88,188.60,189.55,1320000
2025-03-13,DIS,189.55,192.41,188.60,191.45,1336000
2025-03-14,DIS,191.45,192.41,189.54,190.49,1352000
2025-03-15,DIS,190.49,192.78,189.54,191.82,1368000
2025-03-16,DIS,191.82,193.36,190.86,192.40,1384000
2025-03-17,DIS,192.40,193.36,191.06,192.02,1400000
2025-03-18,DIS,192.02,194.91,191.06,193.94,1416000
2025-03-19,DIS,193.94,194.91,192.01,192.97,1432000
2025-03-20,DIS,192.97,195.29,192.01,194.32,1448000
2025-03-21,DIS,194.32,195.87,193.35,194.90,1464000
2025-02-21,BAC,40.00,40.60,39.80,40.40,1017000
2025-02-22,BAC,40.40,40.60,40.00,40.20,1034000
2025-02-23,BAC,40.20,40.68,40.00,40.48,1051000
2025-02-24,BAC,40.48,40.80,40.28,40.60,1068000
2025-02-25,BAC,40.60,40.80,40.32,40.52,1085000
2025-02-26,BAC,40.52,41.13,40.32,40.93,1102000
2025-02-27,BAC,40.93,41.13,40.53,40.73,1119000
2025-02-28,BAC,40.73,41.23,40.53,41.02,1136000
2025-03-01,BAC,41.02,41.35,40.81,41.14,1153000
2025-03-02,BAC,41.14,41.35,40.85,41.06,1170000
2025-03-03,BAC,41.06,41.68,40.85,41.47,1187000
2025-03-04,BAC,41.47,41.68,41.05,41.26,1204000
2025-03-05,BAC,41.26,41.76,41.05,41.55,1221000
2025-03-06,BAC,41.55,41.88,41.34,41.67,1238000
2025-03-07,BAC,41.67,41.88,41.38,41.59,1255000
2025-03-08,BAC,41.59,42.22,41.38,42.01,1272000
2025-03-09,BAC,42.01,42.22,41.59,41.80,1289000
2025-03-10,BAC,41.80,42.30,41.59,42.09,1306000
2025-03-11,BAC,42.09,42.43,41.88,42.22,1323000
2025-03-12,BAC,42.22,42.43,41.93,42.14,1340000
2025-03-13,BAC,42.14,42.77,41.93,42.56,1357000
2025-03-14,BAC,42.56,42.77,42.14,42.35,1374000
2025-03-15,BAC,42.35,42.86,42.14,42.65,1391000
2025-03-16,BAC,42.65,42.99,42.44,42.78,1408000
2025-03-17,BAC,42.78,42.99,42.48,42.69,1425000
2025-03-18,BAC,42.69,43.34,42.48,43.12,1442000
2025-03-19,BAC,43.12,43.34,42.69,42.90,1459000
2025-03-20,BAC,42.90,43.42,42.69,43.20,1476000
2025-03-21,BAC,43.20,43.55,42.98,43.33,1493000
2025-02-21,ADBE,600.00,609.03,597.00,606.00,1018000
2025-02-22,ADBE,606.00,609.03,599.96,602.97,1036000
2025-02-23,ADBE,602.97,610.23,599.96,607.19,1054000
2025-02-24,ADBE,607.19,612.06,604.15,609.01,1072000
2025-02-25,ADBE,609.01,612.06,604.75,607.79,1090000
2025-02-26,ADBE,607.79,616.94,604.75,613.87,1108000
2025-02-27,ADBE,613.87,616.94,607.75,610.80,1126000
2025-02-28,ADBE,610.80,618.16,607.75,615.08,1144000
2025-03-01,ADBE,615.08,620.01,612.00,616.93,1162000
2025-03-02,ADBE,616.93,620.01,612.62,615.70,1180000
2025-03-03,ADBE,615.70,624.97,612.62,621.86,1198000
2025-03-04,ADBE,621.86,624.97,615.66,618.75,1216000
2025-03-05,ADBE,618.75,626.20,615.66,623.08,1234000
2025-03-06,ADBE,623.08,628.07,619.96,624.95,1252000
2025-03-07,ADBE,624.95,628.07,620.58,623.70,1270000
2025-03-08,ADBE,623.70,633.09,620.58,629.94,1288000
2025-03-09,ADBE,629.94,633.09,623.66,626.79,1306000
2025-03-10,ADBE,626.79,634.34,623.66,631.18,1324000
2025-03-11,ADBE,631.18,636.24,628.02,633.07,1342000
2025-03-12,ADBE,633.07,636.24,628.64,631.80,1360000
2025-03-13,ADBE,631.80,641.31,628.64,638.12,1378000
2025-03-14,ADBE,638.12,641.31,631.76,634.93,1396000
2025-03-15,ADBE,634.93,642.57,631.76,639.37,1414000
2025-03-16,ADBE,639.37,644.50,636.17,641.29,1432000
2025-03-17,ADBE,641.29,644.50,636.81,640.01,1450000
2025-03-18,ADBE,640.01,649.64,636.81,646.41,1468000
2025-03-19,ADBE,646.41,649.64,639.96,643.18,1486000
2025-03-20,ADBE,643.18,650.92,639.96,647.68,1504000
2025-03-21,ADBE,647.68,652.87,644.44,649.62,1522000
2025-02-21,CMCSA,50.00,50.75,49.75,50.50,1019000
2025-02-22,CMCSA,50.50,50.75,50.00,50.25,1038000
2025-02-23,CMCSA,50.25,50.85,50.00,50.60,1057000
2025-02-24,CMCSA,50.60,51.00,50.35,50.75,1076000
2025-02-25,CMCSA,50.75,51.00,50.40,50.65,1095000
2025-02-26,CMCSA,50.65,51.42,50.40,51.16,1114000
2025-02-27,CMCSA,51.16,51.42,50.65,50.90,1133000
2025-02-28,CMCSA,50.90,51.52,50.65,51.26,1152000
2025-03-01,CMCSA,51.26,51.67,51.00,51.41,1171000
2025-03-02,CMCSA,51.41,51.67,51.05,51.31,1190000
2025-03-03,CMCSA,51.31,52.08,51.05,51.82,1209000
2025-03-04,CMCSA,51.82,52.08,51.30,51.56,1228000
2025-03-05,CMCSA,51.56,52.18,51.30,51.92,1247000
2025-03-06,CMCSA,51.92,52.34,51.66,52.08,1266000
2025-03-07,CMCSA,52.08,52.34,51.72,51.98,1285000
2025-03-08,CMCSA,51.98,52.76,51.72,52.50,1304000
2025-03-09,CMCSA,52.50,52.76,51.98,52.24,1323000
2025-03-10,CMCSA,52.24,52.87,51.98,52.61,1342000
2025-03-11,CMCSA,52.61,53.03,52.35,52.77,1361000
2025-03-12,CMCSA,52.77,53.03,52.40,52.66,1380000
2025-03-13,CMCSA,52.66,53.46,52.40,53.19,1399000
2025-03-14,CMCSA,53.19,53.46,52.66,52.92,1418000
2025-03-15,CMCSA,52.92,53.56,52.66,53.29,1437000
2025-03-16,CMCSA,53.29,53.72,53.02,53.45,1456000
2025-03-17,CMCSA,53.45,53.72,53.07,53.34,1475000
2025-03-18,CMCSA,53.34,54.14,53.07,53.87,1494000
2025-03-19,CMCSA,53.87,54.14,53.33,53.60,1513000
2025-03-20,CMCSA,53.60,54.25,53.33,53.98,1532000
2025-03-21,CMCSA,53.98,54.41,53.71,54.14,1551000
2025-02-21,NFLX,550.00,558.28,547.25,555.50,1020000
2025-02-22,NFLX,555.50,558.28,549.96,552.72,1040000
2025-02-23,NFLX,552.72,559.37,549.96,556.59,1060000
2025-02-24,NFLX,556.59,561.05,553.81,558.26,1080000
2025-02-25,NFLX,558.26,561.05,554.35,557.14,1100000
2025-02-26,NFLX,557.14,565.52,554.35,562.71,1120000
2025-02-27,NFLX,562.71,565.52,557.10,559.90,1140000
2025-02-28,NFLX,559.90,566.64,557.10,563.82,1160000
2025-03-01,NFLX,563.82,568.34,561.00,565.51,1180000
2025-03-02,NFLX,565.51,568.34,561.56,564.38,1200000
2025-03-03,NFLX,564.38,572.87,561.56,570.02,1220000
2025-03-04,NFLX,570.02,572.87,564.33,567.17,1240000
2025-03-05,NFLX,567.17,574.00,564.33,571.14,1260000
2025-03-06,NFLX,571.14,575.71,568.28,572.85,1280000
2025-03-07,NFLX,572.85,575.71,568.84,571.70,1300000
2025-03-08,NFLX,571.70,580.31,568.84,577.42,1320000
2025-03-09,NFLX,577.42,580.31,571.66,574.53,1340000
2025-03-10,NFLX,574.53,581.44,571.66,578.55,1360000
2025-03-11,NFLX,578.55,583.19,575.66,580.29,1380000
2025-03-12,NFLX,580.29,583.19,576.23,579.13,1400000
2025-03-13,NFLX,579.13,587.84,576.23,584.92,1420000
2025-03-14,NFLX,584.92,587.84,579.09,582.00,1440000
2025-03-15,NFLX,582.00,589.00,579.09,586.07,1460000
2025-03-16,NFLX,586.07,590.77,583.14,587.83,1480000
2025-03-17,NFLX,587.83,590.77,583.72,586.65,1500000
2025-03-18,NFLX,586.65,595.48,583.72,592.52,1520000
2025-03-19,NFLX,592.52,595.48,586.61,589.56,1540000
2025-03-20,NFLX,589.56,596.66,586.61,593.69,1560000
2025-03-21,NFLX,593.69,598.45,590.72,595.47,1580000
2025-02-21,INTC,55.00,55.83,54.73,55.55,1021000
2025-02-22,INTC,55.55,55.83,54.99,55.27,1042000
2025-02-23,INTC,55.27,55.94,54.99,55.66,1063000
2025-02-24,INTC,55.66,56.11,55.38,55.83,1084000
2025-02-25,INTC,55.83,56.11,55.44,55.72,1105000
2025-02-26,INTC,55.72,56.56,55.44,56.28,1126000
2025-02-27,INTC,56.28,56.56,55.72,56.00,1147000
2025-02-28,INTC,56.00,56.67,55.72,56.39,1168000
2025-03-01,INTC,56.39,56.84,56.11,56.56,1189000
2025-03-02,INTC,56.56,56.84,56.17,56.45,1210000
2025-03-03,INTC,56.45,57.30,56.17,57.01,1231000
2025-03-04,INTC,57.01,57.30,56.44,56.72,1252000
2025-03-05,INTC,56.72,57.41,56.44,57.12,1273000
2025-03-06,INTC,57.12,57.58,56.83,57.29,1294000
2025-03-07,INTC,57.29,57.58,56.89,57.18,1315000
2025-03-08,INTC,57.18,58.04,56.89,57.75,1336000
2025-03-09,INTC,57.75,58.04,57.17,57.46,1357000
2025-03-10,INTC,57.46,58.15,57.17,57.86,1378000
2025-03-11,INTC,57.86,58.32,57.57,58.03,1399000
2025-03-12,INTC,58.03,58.32,57.62,57.91,1420000
2025-03-13,INTC,57.91,58.78,57.62,58.49,1441000
2025-03-14,INTC,58.49,58.78,57.91,58.20,1462000
2025-03-15,INTC,58.20,58.90,57.91,58.61,1483000
2025-03-16,INTC,58.61,59.08,58.32,58.79,1504000
2025-03-17,INTC,58.79,59.08,58.38,58.67,1525000
2025-03-18,INTC,58.67,59.56,58.38,59.26,1546000
2025-03-19,INTC,59.26,59.56,58.67,58.96,1567000
2025-03-20,INTC,58.96,59.67,58.67,59.37,1588000
2025-03-21,INTC,59.37,59.85,59.07,59.55,1609000
2025-02-21,T,30.00,30.45,29.85,30.30,1022000
2025-02-22,T,30.30,30.45,30.00,30.15,1044000
2025-02-23,T,30.15,30.51,30.00,30.36,1066000
2025-02-24,T,30.36,30.60,30.21,30.45,1088000
2025-02-25,T,30.45,30.60,30.24,30.39,1110000
2025-02-26,T,30.39,30.84,30.24,30.69,1132000
2025-02-27,T,30.69,30.84,30.39,30.54,1154000
2025-02-28,T,30.54,30.90,30.39,30.75,1176000
2025-03-01,T,30.75,30.99,30.60,30.84,1198000
2025-03-02,T,30.84,30.99,30.63,30.78,1220000
2025-03-03,T,30.78,31.25,30.63,31.09,1242000
2025-03-04,T,31.09,31.25,30.78,30.93,1264000
2025-03-05,T,30.93,31.31,30.78,31.15,1286000
2025-03-06,T,31.15,31.40,30.99,31.24,1308000
2025-03-07,T,31.24,31.40,31.02,31.18,1330000
2025-03-08,T,31.18,31.65,31.02,31.49,1352000
2025-03-09,T,31.49,31.65,31.17,31.33,1374000
2025-03-10,T,31.33,31.71,31.17,31.55,1396000
2025-03-11,T,31.55,31.80,31.39,31.64,1418000
2025-03-12,T,31.64,31.80,31.42,31.58,1440000
2025-03-13,T,31.58,32.06,31.42,31.90,1462000
2025-03-14,T,31.90,32.06,31.58,31.74,1484000
2025-03-15,T,31.74,32.12,31.58,31.96,1506000
2025-03-16,T,31.96,32.22,31.80,32.06,1528000
2025-03-17,T,32.06,32.22,31.84,32.00,1550000
2025-03-18,T,32.00,32.48,31.84,32.32,1572000
2025-03-19,T,32.32,32.48,32.00,32.16,1594000
2025-03-20,T,32.16,32.55,32.00,32.39,1616000
2025-03-21,T,32.39,32.65,32.23,32.49,1638000
2025-02-21,VZ,60.00,60.90,59.70,60.60,1023000
2025-02-22,VZ,60.60,60.90,60.00,60.30,1046000
2025-02-23,VZ,60.30,61.02,60.00,60.72,1069000
2025-02-24,VZ,60.72,61.20,60.42,60.90,1092000
2025-02-25,VZ,60.90,61.20,60.48,60.78,1115000
2025-02-26,VZ,60.78,61.70,60.48,61.39,1138000
2025-02-27,VZ,61.39,61.70,60.77,61.08,1161000
2025-02-28,VZ,61.08,61.82,60.77,61.51,1184000
2025-03-01,VZ,61.51,62.00,61.20,61.69,1207000
2025-03-02,VZ,61.69,62.00,61.26,61.57,1230000
2025-03-03,VZ,61.57,62.50,61.26,62.19,1253000
2025-03-04,VZ,62.19,62.50,61.57,61.88,1276000
2025-03-05,VZ,61.88,62.62,61.57,62.31,1299000
2025-03-06,VZ,62.31,62.81,62.00,62.50,1322000
2025-03-07,VZ,62.50,62.81,62.07,62.38,1345000
2025-03-08,VZ,62.38,63.31,62.07,63.00,1368000
2025-03-09,VZ,63.00,63.31,62.38,62.69,1391000
2025-03-10,VZ,62.69,63.45,62.38,63.13,1414000
2025-03-11,VZ,63.13,63.64,62.81,63.32,1437000
2025-03-12,VZ,63.32,63.64,62.87,63.19,1460000
2025-03-13,VZ,63.19,64.14,62.87,63.82,1483000
2025-03-14,VZ,63.82,64.14,63.18,63.50,1506000
2025-03-15,VZ,63.50,64.26,63.18,63.94,1529000
2025-03-16,VZ,63.94,64.45,63.62,64.13,1552000
2025-03-17,VZ,64.13,64.45,63.68,64.00,1575000
2025-03-18,VZ,64.00,64.96,63.68,64.64,1598000
2025-03-19,VZ,64.64,64.96,64.00,64.32,1621000
2025-03-20,VZ,64.32,65.09,64.00,64.77,1644000
2025-03-21,VZ,64.77,65.28,64.45,64.96,1667000
2025-02-21,KO,55.00,55.83,54.73,55.55,1024000
2025-02-22,KO,55.55,55.83,54.99,55.27,1048000
2025-02-23,KO,55.27,55.94,54.99,55.66,1072000
2025-02-24,KO,55.66,56.11,55.38,55.83,1096000
2025-02-25,KO,55.83,56.11,55.44,55.72,1120000
2025-02-26,KO,55.72,56.56,55.44,56.28,1144000
2025-02-27,KO,56.28,56.56,55.72,56.00,1168000
2025-02-28,KO,56.00,56.67,55.72,56.39,1192000
2025-03-01,KO,56.39,56.84,56.11,56.56,1216000
2025-03-02,KO,56.56,56.84,56.17,56.45,1240000
2025-03-03,KO,56.45,57.30,56.17,57.01,1264000
2025-03-04,KO,57.01,57.30,56.44,56.72,1288000
2025-03-05,KO,56.72,57.41,56.44,57.12,1312000
2025-03-06,KO,57.12,57.58,56.83,57.29,1336000
2025-03-07,KO,57.29,57.58,56.89,57.18,1360000
2025-03-08,KO,57.18,58.04,56.89,57.75,1384000
2025-03-09,KO,57.75,58.04,57.17,57.46,1408000
2025-03-10,KO,57.46,58.15,57.17,57.86,1432000
2025-03-11,KO,57.86,58.32,57.57,58.03,1456000
2025-03-12,KO,58.03,58.32,57.62,57.91,1480000
2025-03-13,KO,57.91,58.78,57.62,58.49,1504000
2025-03-14,KO,58.49,58.78,57.91,58.20,1528000
2025-03-15,KO,58.20,58.90,57.91,58.61,1552000
2025-03-16,KO,58.61,59.08,58.32,58.79,1576000
2025-03-17,KO,58.79,59.08,58.38,58.67,1600000
2025-03-18,KO,58.67,59.56,58.38,59.26,1624000
2025-03-19,KO,59.26,59.56,58.67,58.96,1648000
2025-03-20,KO,58.96,59.67,58.67,59.37,1672000
2025-03-21,KO,59.37,59.85,59.07,59.55,1696000
2025-02-21,PFE,45.00,45.68,44.77,45.45,1025000
2025-02-22,PFE,45.45,45.68,44.99,45.22,1050000
2025-02-23,PFE,45.22,45.77,44.99,45.54,1075000
2025-02-24,PFE,45.54,45.91,45.31,45.68,1100000
2025-02-25,PFE,45.68,45.91,45.36,45.59,1125000
2025-02-26,PFE,45.59,46.28,45.36,46.05,1150000
2025-02-27,PFE,46.05,46.28,45.59,45.82,1175000
2025-02-28,PFE,45.82,46.37,45.59,46.14,1200000
2025-03-01,PFE,46.14,46.51,45.91,46.28,1225000
2025-03-02,PFE,46.28,46.51,45.96,46.19,1250000
2025-03-03,PFE,46.19,46.88,45.96,46.65,1275000
2025-03-04,PFE,46.65,46.88,46.19,46.42,1300000
2025-03-05,PFE,46.42,46.97,46.19,46.74,1325000
2025-03-06,PFE,46.74,47.11,46.51,46.88,1350000
2025-03-07,PFE,46.88,47.11,46.56,46.79,1375000
2025-03-08,PFE,46.79,47.50,46.56,47.26,1400000
2025-03-09,PFE,47.26,47.50,46.78,47.02,1425000
2025-03-10,PFE,47.02,47.59,46.78,47.35,1450000
2025-03-11,PFE,47.35,47.73,47.11,47.49,1475000
2025-03-12,PFE,47.49,47.73,47.16,47.40,1500000
2025-03-13,PFE,47.40,48.11,47.16,47.87,1525000
2025-03-14,PFE,47.87,48.11,47.39,47.63,1550000
2025-03-15,PFE,47.63,48.20,47.39,47.96,1575000
2025-03-16,PFE,47.96,48.34,47.72,48.10,1600000
2025-03-17,PFE,48.10,48.34,47.76,48.00,1625000
2025-03-18,PFE,48.00,48.72,47.76,48.48,1650000
2025-03-19,PFE,48.48,48.72,48.00,48.24,1675000
2025-03-20,PFE,48.24,48.82,48.00,48.58,1700000
2025-03-21,PFE,48.58,48.97,48.34,48.73,1725000
2025-02-21,MRK,80.00,81.20,79.60,80.80,1026000
2025-02-22,MRK,80.80,81.20,80.00,80.40,1052000
2025-02-23,MRK,80.40,81.36,80.00,80.96,1078000
2025-02-24,MRK,80.96,81.61,80.56,81.20,1104000
2025-02-25,MRK,81.20,81.61,80.63,81.04,1130000
2025-02-26,MRK,81.04,82.26,80.63,81.85,1156000
2025-02-27,MRK,81.85,82.26,81.03,81.44,1182000
2025-02-28,MRK,81.44,82.42,81.03,82.01,1208000
2025-03-01,MRK,82.01,82.67,81.60,82.26,1234000
2025-03-02,MRK,82.26,82.67,81.69,82.10,1260000
2025-03-03,MRK,82.10,83.33,81.69,82.92,1286000
2025-03-04,MRK,82.92,83.33,82.10,82.51,1312000
2025-03-05,MRK,82.51,83.51,82.10,83.09,1338000
2025-03-06,MRK,83.09,83.76,82.67,83.34,1364000
2025-03-07,MRK,83.34,83.76,82.75,83.17,1390000
2025-03-08,MRK,83.17,84.42,82.75,84.00,1416000
2025-03-09,MRK,84.00,84.42,83.16,83.58,1442000
2025-03-10,MRK,83.58,84.59,83.16,84.17,1468000
2025-03-11,MRK,84.17,84.84,83.75,84.42,1494000
2025-03-12,MRK,84.42,84.84,83.83,84.25,1520000
2025-03-13,MRK,84.25,85.52,83.83,85.09,1546000
2025-03-14,MRK,85.09,85.52,84.24,84.66,1572000
2025-03-15,MRK,84.66,85.68,84.24,85.25,1598000
2025-03-16,MRK,85.25,85.94,84.82,85.51,1624000
2025-03-17,MRK,85.51,85.94,84.91,85.34,1650000
2025-03-18,MRK,85.34,86.62,84.91,86.19,1676000
2025-03-19,MRK,86.19,86.62,85.33,85.76,1702000
2025-03-20,MRK,85.76,86.79,85.33,86.36,1728000
2025-03-21,MRK,86.36,87.05,85.93,86.62,1754000
2025-02-21,WMT,150.00,152.26,149.25,151.50,1027000
2025-02-22,WMT,151.50,152.26,149.99,150.74,1054000
2025-02-23,WMT,150.74,152.56,149.99,151.80,1081000
2025-02-24,WMT,151.80,153.02,151.04,152.26,1108000
2025-02-25,WMT,152.26,153.02,151.20,151.96,1135000
2025-02-26,WMT,151.96,154.25,151.20,153.48,1162000
2025-02-27,WMT,153.48,154.25,151.95,152.71,1189000
2025-02-28,WMT,152.71,154.55,151.95,153.78,1216000
2025-03-01,WMT,153.78,155.01,153.01,154.24,1243000
2025-03-02,WMT,154.24,155.01,153.16,153.93,1270000
2025-03-03,WMT,153.93,156.25,153.16,155.47,1297000
2025-03-04,WMT,155.47,156.25,153.92,154.69,1324000
2025-03-05,WMT,154.69,156.55,153.92,155.77,1351000
2025-03-06,WMT,155.77,157.02,154.99,156.24,1378000
2025-03-07,WMT,156.24,157.02,155.15,155.93,1405000
2025-03-08,WMT,155.93,158.28,155.15,157.49,1432000
2025-03-09,WMT,157.49,158.28,155.92,156.70,1459000
2025-03-10,WMT,156.70,158.59,155.92,157.80,1486000
2025-03-11,WMT,157.80,159.06,157.01,158.27,1513000
2025-03-12,WMT,158.27,159.06,157.16,157.95,1540000
2025-03-13,WMT,157.95,160.33,157.16,159.53,1567000
2025-03-14,WMT,159.53,160.33,157.94,158.73,1594000
2025-03-15,WMT,158.73,160.64,157.94,159.84,1621000
2025-03-16,WMT,159.84,161.12,159.04,160.32,1648000
2025-03-17,WMT,160.32,161.12,159.20,160.00,1675000
2025-03-18,WMT,160.00,162.41,159.20,161.60,1702000
2025-03-19,WMT,161.60,162.41,159.99,160.79,1729000
2025-03-20,WMT,160.79,162.73,159.99,161.92,1756000
2025-03-21,WMT,161.92,163.22,161.11,162.41,1783000
2025-02-21,CRM,250.00,253.76,248.75,252.50,1028000
2025-02-22,CRM,252.50,253.76,249.98,251.24,1056000
2025-02-23,CRM,251.24,254.26,249.98,253.00,1084000
2025-02-24,CRM,253.00,255.03,251.73,253.76,1112000
2025-02-25,CRM,253.76,255.03,251.98,253.25,1140000
2025-02-26,CRM,253.25,257.06,251.98,255.78,1168000
2025-02-27,CRM,255.78,257.06,253.23,254.50,1196000
2025-02-28,CRM,254.50,257.56,253.23,256.28,1224000
2025-03-01,CRM,256.28,258.34,255.00,257.05,1252000
2025-03-02,CRM,257.05,258.34,255.26,256.54,1280000
2025-03-03,CRM,256.54,260.41,255.26,259.11,1308000
2025-03-04,CRM,259.11,260.41,256.52,257.81,1336000
2025-03-05,CRM,257.81,260.91,256.52,259.61,1364000
2025-03-06,CRM,259.61,261.69,258.31,260.39,1392000
2025-03-07,CRM,260.39,261.69,258.57,259.87,1420000
2025-03-08,CRM,259.87,263.78,258.57,262.47,1448000
2025-03-09,CRM,262.47,263.78,259.85,261.16,1476000
2025-03-10,CRM,261.16,264.30,259.85,262.99,1504000
2025-03-11,CRM,262.99,265.10,261.68,263.78,1532000
2025-03-12,CRM,263.78,265.10,261.93,263.25,1560000
2025-03-13,CRM,263.25,267.21,261.93,265.88,1588000
2025-03-14,CRM,265.88,267.21,263.23,264.55,1616000
2025-03-15,CRM,264.55,267.73,263.23,266.40,1644000
2025-03-16,CRM,266.40,268.54,265.07,267.20,1672000
2025-03-17,CRM,267.20,268.54,265.34,266.67,1700000
2025-03-18,CRM,266.67,270.69,265.34,269.34,1728000
2025-03-19,CRM,269.34,270.69,266.65,267.99,1756000
2025-03-20,CRM,267.99,271.22,266.65,269.87,1784000
2025-03-21,CRM,269.87,272.03,268.52,270.68,1812000
2025-02-21,ORCL,90.00,91.35,89.55,90.90,1029000
2025-02-22,ORCL,90.90,91.35,90.00,90.45,1058000
2025-02-23,ORCL,90.45,91.54,90.00,91.08,1087000
2025-02-24,ORCL,91.08,91.81,90.62,91.35,1116000
2025-02-25,ORCL,91.35,91.81,90.71,91.17,1145000
2025-02-26,ORCL,91.17,92.54,90.71,92.08,1174000
2025-02-27,ORCL,92.08,92.54,91.16,91.62,1203000
2025-02-28,ORCL,91.62,92.72,91.16,92.26,1232000
2025-03-01,ORCL,92.26,93.00,91.80,92.54,1261000
2025-03-02,ORCL,92.54,93.00,91.89,92.35,1290000
2025-03-03,ORCL,92.35,93.74,91.89,93.27,1319000
2025-03-04,ORCL,93.27,93.74,92.34,92.80,1348000
2025-03-05,ORCL,92.80,93.92,92.34,93.45,1377000
2025-03-06,ORCL,93.45,94.20,92.98,93.73,1406000
2025-03-07,ORCL,93.73,94.20,93.07,93.54,1435000
2025-03-08,ORCL,93.54,94.95,93.07,94.48,1464000
2025-03-09,ORCL,94.48,94.95,93.54,94.01,1493000
2025-03-10,ORCL,94.01,95.14,93.54,94.67,1522000
2025-03-11,ORCL,94.67,95.42,94.20,94.95,1551000
2025-03-12,ORCL,94.95,95.42,94.29,94.76,1580000
2025-03-13,ORCL,94.76,96.19,94.29,95.71,1609000
2025-03-14,ORCL,95.71,96.19,94.75,95.23,1638000
2025-03-15,ORCL,95.23,96.38,94.75,95.90,1667000
2025-03-16,ORCL,95.90,96.67,95.42,96.19,1696000
2025-03-17,ORCL,96.19,96.67,95.52,96.00,1725000
2025-03-18,ORCL,96.00,97.44,95.52,96.96,1754000
2025-03-19,ORCL,96.96,97.44,96.00,96.48,1783000
2025-03-20,ORCL,96.48,97.65,96.00,97.16,1812000
2025-03-21,ORCL,97.16,97.94,96.67,97.45,1841000
2025-02-21,ABT,120.00,121.81,119.40,121.20,1030000
2025-02-22,ABT,121.20,121.81,119.99,120.59,1060000
2025-02-23,ABT,120.59,122.04,119.99,121.43,1090000
2025-02-24,ABT,121.43,122.40,120.82,121.79,1120000
2025-02-25,ABT,121.79,122.40,120.94,121.55,1150000
2025-02-26,ABT,121.55,123.38,120.94,122.77,1180000
2025-02-27,ABT,122.77,123.38,121.55,122.16,1210000
2025-02-28,ABT,122.16,123.64,121.55,123.02,1240000
2025-03-01,ABT,123.02,124.01,122.40,123.39,1270000
2025-03-02,ABT,123.39,124.01,122.52,123.14,1300000
2025-03-03,ABT,123.14,124.99,122.52,124.37,1330000
2025-03-04,ABT,124.37,124.99,123.13,123.75,1360000
2025-03-05,ABT,123.75,125.24,123.13,124.62,1390000
2025-03-06,ABT,124.62,125.61,124.00,124.99,1420000
2025-03-07,ABT,124.99,125.61,124.12,124.74,1450000
2025-03-08,ABT,124.74,126.62,124.12,125.99,1480000
2025-03-09,ABT,125.99,126.62,124.73,125.36,1510000
2025-03-10,ABT,125.36,126.87,124.73,126.24,1540000
2025-03-11,ABT,126.24,127.25,125.61,126.62,1570000
2025-03-12,ABT,126.62,127.25,125.74,126.37,1600000
2025-03-13,ABT,126.37,128.27,125.74,127.63,1630000
2025-03-14,ABT,127.63,128.27,126.36,126.99,1660000
2025-03-15,ABT,126.99,128.52,126.36,127.88,1690000
2025-03-16,ABT,127.88,128.90,127.24,128.26,1720000
2025-03-17,ABT,128.26,128.90,127.36,128.00,1750000
2025-03-18,ABT,128.00,129.93,127.36,129.28,1780000
2025-03-19,ABT,129.28,129.93,127.99,128.63,1810000
2025-03-20,ABT,128.63,130.18,127.99,129.53,1840000
2025-03-21,ABT,129.53,130.57,128.88,129.92,1870000
